col0,col1
LIN 203,-73.3218927929439
[SG2005] SMC 42,-73.13944
[SG2005] SMC 50,-73.18806
SXP 7.92,-72.375
[SST2011] J124152.72+411631.7,41.275472
