col0,col1,col2
Höwisf,32.192,5.65565
Oldesum,2.9939999999999998,11.205749999999998
Oberhauzental.,216.132,5.235537235
Snning,191.19099999999997,7.688249999999999
Burg.,276.192,5.3530999999999995
eethen,54.053999999999995,9.94
