col0,col1,col2
Ceotral Island,3.2287999999999997,4.99
ristap da Cunha,12.260999999999997,98.49
Nos Be,26.0,292.9127
Buckle Iland,24.144,122.36399999999999
