col0,col1,col2
UCAC2#30021172,-5.050891850495212,6731.724999999999
VCAC2 30021283,-5.472649837267805,4019.9999999999995
UCAC2 3199059,-4.715300673353141,4640.13
