col0,col1,col2,col3,col4
Abysinian Ground Hornbill,96.0624,39.72,39.234,2.0
Great-winged Setrel,80.32,18.017999999999997,53.838,0.993
Eastern ellow Robin,18.144,11.975999999999999,16.032,2.388
Red-backed Mouseblrd,61.702400000000004,12.059999999999999,12.935,2.973
