col0,col1,col2,col3,col4
hynochetos jubatus,49.6,30.969,35.175,0.996
Antarctic ern,137.60999999999999,18.125999999999998,23.951999999999998,1.988
uperb Lyrebird,1.0967,26.0,50.14999999999999,1.0
Pied ystercatcher,48.804,16.144,30.18,2.06336
Eurynorkynchus pygmeus,8.08,15.92,21.084,3.992
