col0,col1,col2,col3,col4
senenium-85,33.966,733339.59168,2.4925,bromine-85
slenium-94,33.796,722247.2417159999,0.0,bromine-84
selenium-86,33.694,711473.4643499999,4.5135,bromine-83
selenium-73,34.0,623648.014416,0.0,arsenic-72
