col0,col1
Mrk 111,0.012212
ESO 83-5,0.046222
ESO 381-26,0.030001
ESO 137-3,0.013359
ESO 264-13,0.0358
ESO 114-9,0.0421
ESO 189-30,0.049117
