col0,col1,col2,col3
Spanish cuiser Canarias.,65.52,19.3245,195.839
USS Qincy,5.99346,18.755750000000003,179.0
S Astoria,6.992369999999999,18.97056,178.73219
MS York (90),6.39785,17.803759999999997,174.73422
HMS Devonshie,6.8456,20.12,190.93140000000002
