col0,col1,col2,col3
Atlatc Conveyor,11.61672,51596.352,57853.62
Fstraden,6.5934,9789.704999999998,18387.05
Jcklyn,7.422199999999999,9997.76,21230.624
