col0,col1,col2,col3
copper67,28.913,1.4849999999999999,590092.963488
coprer-66,28.884,1.01,571666.934784
opper-59,28.942,1.5044999999999997,507838.488
