col0,col1,col2
Rneta,9.91872,117.936
Adres,10.44804,187.18699999999998
Vlanova,29.015459999999997,180.432
